1stature@gmail.com A Swift
aabd1720@mpsedu.org 
adrianlthompson@rocketmail.com Adrian Thompson
reachmeAmber@gmail.com Amber Cash
wriand@gmail.com Andrew Wright
a.bonfiglio.31@gmail.com Angela Bonfiglio
ab@annabellemarcovici.com Annabelle Marcovici
awmpedalstory@gmail.com Anne Winkler-Morey
asha.long13@gmail.com Asha Long
ashleyhogan27@gmail.com Ashley Hogan
asma.shaafi@gmail.com Asma Shafi
b.elyse@live.com 
bshillin@comcast.net Barry S
bemmons@avenuesforyouth.org 
bmsu08@gmail.com BlackMan StandUp
borge130@umn.edu 
bvonschlosser@gmail.com Brett Von Schlosser
brock.satter@gmail.com 
mohum002@umn.edu Burhan Mohumed
butle571@umn.edu 
bwirthpetrik01@hamline.edu 
pastorcarmen@movementmpls.org Carmen Means
carrie.lindberg@gmail.com Carrie Lindberg
cazdavis1@msn.com 
gray0005@gmail.com Chris Gray
starshyne777@msn.com Christine Rangen
clark4343@gmail.com Clark Nguyen
claudiorivera@gmail.com Claudio Rivera
cliffy651@gmail.com Clifton Williams
crystalflint22@hotmail.com 
onnababy@gmail.com Damionna Willis
daphne.6772@yahoo.com daphne brown
dawin001@mpls.k12.mn.us David Winkler-Morey
dboehnke@gmail.com 
dejhonblanks@gmail.com De'Jhon Blanks
ddent92@gmail.com Deaundre Dent
denisec00@msn.com 
D_Cherry_sr@yahoo.com Dennis Cherry
dillard.saunders@yahoo.com 
dzrosenfeld@gmail.com 
egorkova@gmail.com Elizaveta
erica.s.schultz@gmail.com Erica Schultz
evalynnsong@gmail.com Eva Song
felisacalaway@yahoo.com 
ginger.jentzen@gmail.com Ginger Jentzen
pttrswll@aol.com Ginger Patterson
gracejleary@gmail.com Grace Leary
umdstarlet@gmail.com Heather Stoffels
hejhal@umn.edu 
helen.dillon@yahoo.com 
henrylsullivanjr@gmail.com Henry Sullivan
iamdangordon@gmail.com 
Jdmechelke@gmail.com J.D. Mechelke
jacksoncwillis@gmail.com Jack Willis
jacquie.henderson2011@gmail.com 
nwahsnwahs018@gmail.com Jake M.
jasmineconley24@gmail.com Jasmine Conley
jatondwhite@gmail.com Jaton White
jeffrey.berger@mac.com Jeffrey Berger
jerri.malone@gmail.com Jerri Malone
jess.sundin@gmail.com Jess Sundin
ultimatequeen_jackson@yahoo.com Jewelean Jackson
jmacden@yahoo.com 
jodielind@msn.com Jodie Carroll
JoeDavisPoetry@gmail.com Joe Davis
jacobsen.jon@gmail.com Jon Jacobsen
jmm4peace@gmail.com Josh Miller
jwilderbeck@gmail.com Josie Beck
chaney.joy@gmail.com Joy Chaney
kadwire@msn.com 
kpennica5@gmail.com Kai Pennica
k.allen5912@gmail.com Kaya Allen
dependleton69@gmail.com KingDemetrius Pendleton
kingdomcaine@yahoo.com 
kmnparent@gmail.com 
kurt@kurtphoto.com 
ladanbyusuf@gmail.com Ladan Yusuf
ladasiatolliver@yahoo.com 
ladeedade@hotmail.com 
lamorrisbritton14@gmail.com Lamorris Britton
quay7@gmail.com LaQuasha Paskins
lenellmckenzie@gmail.com lenell mckenzie
lesliejamila@yahoo.com 
lgitar@gmail.com 
lieberman@visi.com 
mdf8570@gmail.com Lissa Foster
lorettalvanpelt@gmail.com Loretta VanPelt
madeline29@aol.com Madeline Rivard
madeline.r.shaw@gmail.com Madeline Shaw
mankwendosi@gmail.com Mankwe Ndosi
mariedinomite@gmail.com Marie Dino
mmedit66@gmail.com Marie Michael
mmjmpls@gmail.com Marque Jensen
mellaneous19@yahoo.com mel reeves
Melanie@MARCHHearts.org Melanie@MARCHHearts.org
meredith.allison@yahoo.com 
michaelanicoleday@icloud.com Michaela Day
miesha_lewis@yahoo.com 
gods1stborndaughter@gmail.com Miss Spiritual Concepts
missteenget2be@gmail.com Mistinguette Grandison
mohamedhared@gmail.com Mohamed Hared
pointacupressure@gmail.com Molly Glasgow
eharris612@hotmail.com MsEbony Harris
mustafaadam1@yahoo.com 
n.a.onwukwe@gmail.com 
eckonate@comcast.net Nate Ecko
nekeyoliver@hotmail.com 
ness.olague@gmail.com Nestor Garcia
netsanetnegussie@gmail.com Netsanet Negussie
nikkidf221@gmail.com Nikki Foster
NVANG04@gmail.com Nou Vang
NyaaAlexander88@gmail.com Nyaa Alexander
palmacady@gmail.com Palma Cady
pandora.white@msn.com 
rpaulcrist@aol.com Paul Crist
peaceofhope@excite.com 
petervankoughnett@gmail.com Peter VanKoughnett
peterb3121@hotmail.com 
protea.toles@gmail.com Protea Toles
quincy.ballard@ndcad.org 
rswenski@gmail.com Rachel Swendsrud
raushanahhasan27@gmail.com raushanah hasan
greymatter272@gmail.com Reginald Berry
ricky.oyaro@gmail.com Ricky Oyaro
robin.wonsley@gmail.com Robin Wonsley
engs0006@umn.edu Rose Engstrom
ruosoccer2010@yahoo.com Ryan Onwukwe
mrssdgreen09@gmail.com Sadia Dickson-Green
sgutierrezjr@gmail.com Samuel Gutierrez
sanchezs@my.normandale.edu 
sanayaalexander9@gmail.com sasa 101 sander
Shalesia5@gmail.com Shalesia Havard
shea.peeples@gmail.com shea peeples
smullins35@hotmail.com 
sse_msw@yahoo.com 
steventhobert@gmail.com Steven Hobert
spmc26@gmail.com Steven McCormick
sydplunkett@gmail.com Sydney Plunkett
tamerai@yahoo.com 
buck0301@umn.edu Tatiana Buckner
tjack1210@gmail.com Thandisizwe Jackson-Nisan
t_powers17@yahoo.com Theresa Powers
tiffany60622@gmail.com Tiffany Dykes
toones80@gmail.com toones33
tulanialexander@gmail.com Tulani Alexander
twill1634@yahoo.com 
tyron@neighborhoodhub.org 
dbuffington48@msn.com W Buff
wakeup612@gmail.com Wake Up 612
ahoo.com Ryan Onwukwe
mrssdgreen09@gmail.com Sadia Dickson-Green
sgutierrezjr@gmail.com Samuel Gutierrez
sanchezs@my.normandale.edu sanchezs@my.normandale.edu
sanayaalexander9@gmail.com sasa 101 sander
Shalesia5@gmail.com Shalesia Havard
shea.peeples@gmail.com shea peeples
smullins35@hotmail.com smullins35@hotmail.com
sse_msw@yahoo.com sse_msw@yahoo.com
steventhobert@gmail.com Steven Hobert
spmc26@gmail.com Steven McCormick
sydplunkett@gmail.com Sydney Plunkett
tamerai@yahoo.com tamerai@yahoo.com
buck0301@umn.edu Tatiana Buckner
tjack1210@gmail.com Thandisizwe Jackson-Nisan
t_powers17@yahoo.com Theresa Powers
tiffany60622@gmail.com Tiffany Dykes
toones80@gmail.com toones33
tulanialexander@gmail.com Tulani Alexander
twill1634@yahoo.com twill1634@yahoo.com
tyron@neighborhoodhub.org tyron@neighborhoodhub.org
dbuffington48@msn.com W Buff
wakeup612@gmail.com Wake Up 612
